>ref:chr3:46776337:74.9	GACAACTCCTCCTGGGCTTGTTGTAAGCCATCACCCAGGACTCATCCTTGCCCGTAGTTTACACAAACAGATGGTTGGGGGAGAGAAGCAGAAGAGAGAATCACCACAGGGGCGAGCTGTCAGCCAGGGGATAGGTGATGGGGCACAAGT
>ref:chr2:88955614:74.9	TACAAAAATTAGCCAAGCATGGTGGCCTGTGCCTGTGGTCCCAACTACTTGGGAGGCTGAGTTGGGAGGATCAGTAAAGTCCAGGTGGCCAAGGCTGCAGTGAGTCATAACTGCACCACTGCCCTCCAGCCTAGGCAACAGAATGAGACT
>alt:chr7:38399411:74.9	AGTAGAACTGGGTGCCATGTCATGCAATATTTGGAACATACTTAAACTAAAAACTTGTTATTTATCTGAACTTCCGATTCCCCCGGTATTGTATATTTTATTTGTCATCCCTACCCTCAGAAAGCAGACTAATATCTGCAGTGCACCTGG
>ref:chr17:54942723:74.9	AAAAATAACTTCTACATTCTCAGGAAGAAATACATGAAGTAAATCATATCTCCATGTCTGTTTCCAGATTTCTCTAATCTTTTTACTATCCCAATACATTCCTAATTCCTATAAACGTAGTGGCTTAAATACTGAATACCTGGCAGCTCT
>ref:chr14:20957513:74.9	TGTTGAAATAGGGGCTAGAGGAATATTTGACAAAGCTGTAGAGAGAAATAGTTGACCTTATGACCTCTAAAATTCTTTTCAAGATATTTTATCTGCAAAAACCTGAATAGCAACAACTATAGTTCCACAACACTCTAGTTCTACAGAAGG
>ref:chr12:9528951:74.9	GGGAGCAGGCTCCTCTCAGATTAAGCAGCGTGTGCTGGGACTGCGGGAGGTGAGGTCCATTGGGTGGATCCACTAGGCTTTGGAAGCAGAGAGTTTGGGCTGGAGATGGTGAGAAACCACATAGTGGTTGGAGCATTTTGGGGTTTGTCA
>alt:chr15:41099899:74.9	CTGCCGTACGCTGGCTGCAGGAGAGCGTCCGGATTCCCTGCTCTAGGTCGCGGCGGGACAGTGCCAGTGGGCGTGTGGGGCGGGGCGGGGCAGGGCAGGGAAGGGAAGGGCGGAGCTGGGGTGAGGGTCCAAGGGGCCCAGGACTTGGCC
>alt:chr20:25062145:74.9	GGCGGTCTCACATCGCTGAGGGAACAGGACCCCGGATGAGAGGCAGGGATTTAGGATGCAGCAAGGGGCAGGCGGTGCAGCTCCGCGAATGCCCCTCCCGCGACGGGGCCTCGCTCTGGGCTCCCCGCCTAGATCTGGGCCGCTGGGGCC
>ref:chr5:125784359:74.9	TCACATATAACTCAAATGAGGTAGGGAGGTATAGTGGTCCAGGCAGGAGGCATTAAGGACCCTAGCTAAGCCAACCAAATTAGGGAAAGAAAAAGAGGGGACTTAACTGGAAAATATTAAGGAGGTAAAGTCTACAGGTCTTGGTGTCTG
>ref:chr13:25813694:74.9	CTCAACAAAAAGCCCAATTAAAAAATGAACAAAGGACTTGAGTAGACATTTCTCTAAAGAAGATATATACAGGCCGGGCATGGTGGCTCACGCCTGTAATCCCAACATTTTGGGAGGCTGAGGCAGATGGATCACCTGAGGTCAGGAGTT
